"nom","adresse","cp","ville"
"BIO BEARN","41 Av FOUCHET","64000","PAU"
"CAP NATURE","10 RUE PONTCOTTIER","38300","BOURGOIN JALLIEU"
"L'ODYSSEE BIO  .","6 Avenue du Bataillon","21200","BEAUNE"
"AU GRAIN DE BLE NATURE CONSEILS","25 RUE GAMBETTA","42000","ST ETIENNE"
"REGIME ET SANTE","30 RUE CHAUSSADE","43000","LE PUY EN VELAY"
"BIOAZUR","273 RUE DU ROC","81000","ALBI"
"DIETETIQUE 81","5 RUE ARAGO","81400","CARMAUX"
"PROMOVERT","132 GRANDE RUE","73600","MOUTIERS"
"BIOPHARE  BIO-SATHYA","6 AV. DE RUSSIE","03700","BELLERIVE SUR ALLIER"
"NATURALIA","45 COURS FRANKLIN ROOSEVELT","69006","LYON"
"L'OR DE LA TERRE","PARC DES CROZES SUD","26270","LORIOL SUR DROME"
"LE  PANIER DE NAÏS","QUARTIER DES LONNES RD 26","26130","ST PAUL TROIS CHATEAUX"
"MAGASIN COOPERATIVE HERMES","127 AVENUE DU PRESIDENT WILSON","10120","SAINT ANDRE LES VERGERS"
"LORN'BIO","7 RUE PAUL KALLER","54200","TOUL"
"LA VIE CLAIRE  RILLIEUX LA PAPE","225   AVENUE DE L'HIPPODROME","69140","RILLIEUX LA PAPE"
"SARL CENTRALE CROC NATURE","Z.A  25 RUE DE LA GARE","25770","SERRE LES SAPINS"
"TOUT POUR LA SANTE","2 RUE MARECHAL  JOFFRE","57100","THIONVILLE"
"LE MAGASIN BIO","1160 ROUTE D'AIX","74540","ALBY SUR CHERAN"
"LA VIE CLAIRE( SARL La Fleur de Vie )","324 ROUTE DE CHABLAIS
  Z;A LES GRANDS CHAMPS","74140","VEIGY FONCENEX"
"TERRE BIO","6 Bd  G.ANDRIER","74200","THONON LES BAINS"
"DIET ET BIO","14 RUE LAFAYETTE","39000","LONS LE SAUNIER"
"BIOCOOP   LES ARTISONS","32 RUE DORIAN","42700","FIRMINY"
"LE GRAIN D'ORGE","109 GRANDE RUE","69600","OULLINS"
"Le Moulin DOZOL -AUTRAND","PONT ROMAN","26110","NYONS"
"AMARANTHE","26 RUE EINSTEIN","03100","MONTLUCON"
"LA RUE AUX HERBES","32 Bd  de la Republique","47000","AGEN"
"BIOCOOP AIX LES BAINS","ZA. LE PONTET
 ALLEE DES ERABLES","73420","DRUMETTAZ"
"MAG'BIO","10 Bd. KENNEDY","01000","BOURG EN BRESSE"
"BIOCOOP VELAY NATURE","ZA LES MOLETONS
RUE DES PRUNIERS","43120","MONISTROL SUR LOIRE"
"AU TEMPS DES FEES","12 Bd THIERS","38000","GRENOBLE"
"BIOCOOP L'EPICEA","278 Av. du Gal DE GAULLE","16800","SOYAUX"
"ESPRIT NATURE","13 RUE EMILE COMBES","17800","PONS"
"COOP NATURE TOURS CENTRE","17 RUE CHALMEL","37000","TOURS"
"EQUILIBRE DIETETIQUE","1 BIS AVENUE  General DE GAULLE","29270","CARHAIX"
"BIOASIS","21 RUE DES AMIDONNIERS","31000","TOULOUSE"
"MAISON D'ANTAN","69 AV. MARECHAL FOCH","34500","BEZIERS"
"ESPACE BIO NATURE","zac. GRAY sud - RUE PICARD","70100","GRAY"
"LA VIE CLAIRE       BELLEY","22 RUE DE LA REPUBLIQUE","01300","BELLEY"
"RESO BIO","9013  AVENUE D'ESPAGNE","66000","PERPIGNAN"
"ODOBIO","Z.I DU PONT ROUGE","11000","CARCASSONNE"
"BIOCOOP COSMOS","12 AVENUE DE PRADES","66000","PERPIGNAN"
"CHLOROPHYLLE -CENTRALE-","147 ROUTE DES SORINIERES","44400","REZE LES NANTES"
"COIN NATURE","ZAC TERRASSES DE LA SARRE
8 TERRASSE CHAMPAGNE","57400","SARREBOURG"
"FIGGICO BIO  SUPER ECO BIO","Z.A CAP SUD","36250","SAINT MAUR"
"HUILERIE VIGEAN","11 RUE DES VARENNES","36700","CLION SUR  INDRE"
"BIOCOOP GRESY SUR AIX  S.A.R.L  ORKY","6 RUE BOUCHER DE LA RUPELLE","73100","GRESY SUR AIX"
"BIOCOOP  CANET EN ROUSSILLON","1 RUE PAUL EMILE VICTOR","66140","CANET EN ROUSSILLON"
"YVES MOREAU DIETETIQUE","MARCHE DE LA REPUBLIQUE","66000","PERPIGNAN"
"LA MAISON D'OLIVE","64 RUE DE TARTARI","07200","PONT D'AUBENAS"
"LA CLEF DES CHAMPS","RUE DU VIEUX PLATANE ZONE DE LA MUDE","79000","BESSINES"
"LA VIE CLAIRE  SOYAUX","34  rue d'EPAGNAC ROND POINT DES EFFAMIERS","16800","SOYAUX"
"BIOMONDE LANGRES","IMPASSE DE LA VIGNOTTE","52200","SAINTS GEOSMES"
"UNI'VERS BIO","1 RUE TISSERANDS","88190","GOLBEY"
"S.A COOP  BRIN D'AVOINE","5 ALLEE DE KERNENEZ     Z.A CREAC'H GWEN","29000","QUIMPER"
"BIO SENS","ZONE COMMERCIALE BELL   RUE GRAHAM  BELL","85000","LA ROCHE SUR YON"
"DOMAINE DES LONGCHAMPS","12 rue des tourneurs","31000","TOULOUSE"
"NATUREL ET BIO","Z.A.C DU COUDOULET
64 RUE D'ITALIE","84100","ORANGE"
"C D D","D6113 (coté Narbonne)
BP41","11204","LEZIGNAN-CORBIERES  CEDEX"
"GERMINAL","22RUE DE PREUILLY","89000","AUXERRE"
"RAYONS VERTS  BIOMONDE","11 RUE CLOUET","87000","LIMOGES"
"BIOCOOP ROCHEFORT","RUE DES PECHEURS D'ISLANDE","17300","ROCHEFORT"
"BIO SWING","24 RUE GAMBETTA","46200","SOUILLAC"
"LES DELICES DE L'OULIBO","4 HAMEAU DE CABEZAC","11120","BIZE -MINERVOIS"
"PLEINE FORME","10 RUE DE LA GRANDIERE","37000","TOURS"
"J&J BEAUTE (HISTOIRE DE BEAUTE)","6 PLACE CARNOT","69700","GIVORS"
"L'EPICERIE VERTE","3 AV. ST CRICQ","64400","OLORON SAINTE MARIE"
"L'EAU VIVE","3 RUE BARROIN","42000","ST ETIENNE"
"RAYONS VERTS","15 RUE DE LETANDUERE","49000","ANGERS"
"BLEU LAVANDE","LE COURS","84340","MALAUCENE"
"COTE NATURE","1 RUE DE RIBEAUVILLE","68180","HORBOURG-WIHR"
"OBJECTIFS 84","26 Bis Rue GAMBETTA","19100","BRIVE LA GAILLARDE"
"SUPERETTE BIO  CARPENTRAS (SNC VENCEBIO )","254 Av. Pierre SEMARD","84200","CARPENTRAS"
"NATUREVY   MLE DALLIES VALERIE","113 ROUTE NATIONALE","32200","GIMONT"
"BIOMONDE","27 ESPLANADE DE LA FILATURE","88200","REMIREMONT"
"LA VIE CLAIRE","7 RUE POULLAIN DUPARC","35000","RENNES"
"PERSIL ET CIBOULETTE","13 AVENUE CHARLES DE REFUGE","10120","SAINT ANDRE LES VERGERS"
"ETIC  PROBIO  PLEIN CHAMP DANS LA VILLE","24 Bis PLACE ETIENNE MARCEL","78180","MONTIGNY LE BRETONNEUX"
"LA VIE CLAIRE","50 BOULEVARD ALLIES","70000","VESOUL"
"OLIVE'S","34 Bd GASSENDI","04000","DIGNE LES BAINS"
"SARL DIETETIC","46 RUE DE L'HUBAC","04000","DIGNE LES BAINS"
"HERBERIE SAINT MARTIN","48 RUE Mal FOCH","66000","PERPIGNAN"
"BIONA","25 RUE DES SABLONS","77300","FONTAINEBLEAU"
"L'ETHIQUE VERTE(NATURE ET BIO)","106 AVE TOLOSANE","31520","RAMONVILLE SAINT-AGNE"
"MIEUX-VIVRE","39 Bd DE LA REPUBLIQUE","06240","BEAUSOLEIL"
"SERTOIBIO    BIO GOLFE","Z.A   ROUTE DE ST MAUR","83310","COGOLIN"
"BIOCOOP L'AUZONNE","283 AV. NOTRE DAME DE SANTE","84200","CARPENTRAS"
"DES RACINES ET DES HERBES","5 RUE CAMILLE DESMOULINS","38000","GRENOBLE"
"L'EAU VIVE","ZAC DE LA GINIESSE","34500","BEZIERS"
"BIOCOOP MERE NATURE","ROUTE DE SAINT GERVAIS","30200","BAGNOLS SUR CEZE"
"LA MOISSON   Sarl","6 Rue  de la Mourvedre
espace Jules Milhau","34800","CLERMONT L'HERAULT"
"S.A.R.L L'OLI D'OC","13 AV. WILSON","34800","CLERMONT L'HERAULT"
"BIOCOOP GRENELLE","44 Bd GRENELLE","75015","PARIS"
"BIOCOOP GLACIERE SARL SUPER St LEON","64 RUE DE LA GLACIERE","75013","PARIS"
"BIOCOOP LE PERREUX","131 AVENUE PIERRE BROSSOLETTE","94170","LE PERREUX SUR MARNE"
"SEDAN NATURE","6 RUE GAMBETTA","08200","SEDAN"
"LA CIGALE ET LA FOURMI","103 Route de Bitche","67500","HAGUENAU"
"NOURI BIO MARKET","10 RUE ALFRED MAUREL   Z.A LES RODETTES","34120","PEZENAS"
"LES METS DE PROVENCE  MIDI CONSERVES","Z.I  LA CROISIERE","84500","BOLLENE"
"CHLOROPHYLLE","21 Bd  du PORTALET","30500","SAINT   AMBROIX"
"VILLA  NATURA    S.A.R.L","CHEMIN DE SEVERIN","13200","ARLES"
"LOU CIGALOUN","RUE DES FOURS","13520","LES BAUX DE PROVENCE"
"ARTS POPULAIRES","RUE PRINCIPALE","64250","AINHOA"
"BIOCOOP EPONE","ZAC DE LA COURONNE DES PRES
6 AV.DE LA MAULDRE","78680","EPONE"
"DISTRIBIO","11 PLACE BONNET","34120","PEZENAS"
"BIOCOOP  SARL REPONSE NATURE","65. AVENUE EISENHOWER","39100","DOLE"
"LE PANIER DU PILAT","15 BIS  RN 86","42410","SAINT MICHEL SUR RHONE"
"SAINBIO'Z","79 AV. D'EMBRUN","05000","GAP"
"LA NATURE ET VOUS","AV. FREDERIC MISTRAL","04100","MANOSQUE"
"LE BLE EN HERBE","ZI ST JOSEPH  AV. DE LA LIBERATION","04100","MANOSQUE"
"LES NOUVEAUX ROBINSON  LA SOGARIS","BATIMENT B4 CELLULE 2
BP 152","94534","RUNGIS CEDEX"
"L'OR DES PLANTES","CIDEX 1080  11 ROUTE DE QUISSAC","30250","ASPERES"
"LA VIE CLAIRE S.A.S LOYBI","QUARTIER PIERRE POINTUE","26150","DIE"
"LE GRAND PANIER BIO  SARL  N B D H","AVENUE DE GOURNIER","26200","MONTELIMAR"
"CULTURES BIO","1713 ROUTE DE ROBION","84300","CAVAILLON"
"PLANETE  NATURE","15 RUE HOCHE","87100","LIMOGES"
"SATORIZ","3 RUE LAPS","51350","CORMONTREUIL"
"LA VIE  CLAIRE","13 RUE DES  ROMAINS","11200","LEZIGNAN- CORBIERES"
"PLEINE NATURE (sarl LE BON VIVANT )","CC AVIGNON NORD  ENTREE 1","84700","SORGUES"
"PANIER NATUREL","PLACE DE LA MAIRIE","30430","BARJAC"
"BIO BAOBAB SASU    LE GARDE MANGER BIO","20 RUE DU MARCHE","07140","LES VANS"
"LUBERON BIO","Z.I  LES BOURGUIGNONS  ROUTE DE GARGAS","84400","APT"
"BIOPLAISIR","142 Av. CH .de GAULLE","69160","TASSIN LA DEMI LUNE"
"CROQ NATURE","2 RUE GAMBETTA","10100","ROMILLY SUR SEINE"
"LA VIE CLAIRE   AUXERRE","ZONE DES CLAIRIONS
4 AVENUE WORMS","89000","AUXERRE"
"NATUR'FORME","40 RUE GAMBETTA","89300","JOIGNY"
"BIONACELLE","30Bd de la REPUBLIQUE","07100","ANNONAY"
"BIOCOOP DE L'ETANG DE THAU","Avenue de la Barriere   CC BALARUC  LOISIRS","34540","BALARUC LE VIEUX"
"AVICENNE  (CHATOBIO )","2150 ROUTE D'AVIGNON QUARTIER DE LA CROIX ROUGE","13160","CHATEAURENARD"
"ARMONY DE VIVRE","33 ROUTE DE MONTFAVET","84000","AVIGNON"
"BIOCOOP CHAMBOURCY","50 ROUTE DE MANTE","78240","CHAMBOURCY"
"SIMPLES ET SAVEURS","6 RUE DROITE","07140","LES VANS"
"BIOMONDE   SARL LE BOUCHON","5 Av. Marc SEGUIN","07000","PRIVAS"
"RAYONS VERTS","47 COURS ARISTIDE BRIAND","08000","CHARLEVILLE MEZIERES"
"FERME DES PEUPLIERS SARL","RUE BOURBON","67480","FORT-LOUIS"
"BIOCOOP  LA CLAIRE FONTAINE","Av. des Gorges du Tarn","48000","MENDE"
"LES HALLES DE CERNAY","3 AVENUE D'ALSACE","68700","CERNAY"
"VITANA","13 RUE ORFEVRES","67000","STRASBOURG"
"MARJOLAINE","6 RUE DU JEU DE PAUME","04000","DIGNE LES BAINS"
"BIO COPELIA","450  allées de Craponne","13300","SALON DE PROVENCE"
"MARCHE BIO PROVENCAL","1 Bd DANTON","13300","SALON DE PROVENCE"
"VIVRE BIO","CCI ELLIPSE 1 r GRIESSMATT","67520","MARLENHEIM"
"BIOCOOP FOREZ BIO","C-BRIANT -LA BRUYERE","42600","SAVIGNEUX"
"ARCADIE","Z.I PASTABRAC","11190","COUIZA"
"COOP NATURE CHAMBRAY","13 RUE AUGUSTIN FRESNEL","37170","CHAMBRAY -LES -TOURS"
"LA SOURCE","ZA du Salat
7 Rue NEWTON","13310","SAINT MARTIN DE CRAU"
"SUPER ECO BIO","LE SIALA BAS  ROUTE DE MAZAMET","81100","CASTRES"
"MARCEL ET FILS","1 ALLEE DES PLATANES","13770","VENELLES"
"MARCEL ET FILS","AVENUE ETIENNE RABATTU","13170","LES PENNES MIRABEAU"
"LA DIETETIQUE","44 AVENUE FOCH","06140","VENCE"
"LA VIE CLAIRE   GIVORS","3 RUE DU COMMERCE","69700","GIVORS"
"LA VIE CLAIRE ST JEAN DE LUZ (SARL HEGO BIO)","140 RUE BELHARRA","64500","SAINT JEAN DE LUZ"
"L'EAU VIVE  BOURG LES VALENCE","1 ALLEE DU LONG","26500","BOURG LES VALENCE"
"BIO & SENS","C .C  LES PORTES DU SOLEIL","34990","JUVIGNAC"
"BIO & SENS","12 RUE LOUIS BREGUET
PARC CLEMENT ADER","34830","JACOU"
"BEAU T'ES BIO","Z.A LA GRUE
3 IMP. CHARLES GARNIER","26120","CHABEUIL"
"NATURE ET TERROIR","23 RUE DU PEYROU","11130","SIGEAN"
"SATORIZ","11 RUE DES ROSIERISTES","69410","CHAMPAGNE AU MONT D'OR"
"L'EAU VIVE","9 RUE LOUIS ARAGON","68270","WITTENHEIM"
"GALERIE D'ART","2 PLACE GAMBETTA","83230","BORMES LES MIMOSAS"
"LA RESERVE DU PONT VIEUX","35 Bd LAZARE CARNOT","83610","COLLOBRIERES"
"L'EAU VIVE  CLERMONT FERRAND","17 RUE FONTGIEVE","63000","CLERMONT FERRAND"
"RAYONS VERTS ..","22 RUE J. MOULIN","03000","MOULINS"
"TERRE &  BIO","10 AV. ALBIN GILLES
Z.A  DE LA GARE","13210","ST REMY DE PROVENCE"
"LOU LUBEROUN","144  RUE ST PIERRE","84400","APT"
"JAAMA","2 RUE ARTHUR ROBERT","04100","MANOSQUE"
"BIOCOOP PAMIERS","Zc de la Cavalerie
1 Rue de la Chataigneraie prolongée","09100","PAMIERS"
"REYNAUD  Guillaume","Col du Pontias","26110","NYONS"
"BIOCOOP  BOURGOIN JALLIEU","19 AV .  BARBUSSE","38300","BOURGOIN  JALLIEU"
"BIO SAM","9-11 RUE DU  Dr COULON","18200","SAINT AMAND MONTROND"
"LE MOULIN DU PUITS SALE","3 COURS BAILLI DES  ECOTAIS","17410","SAINT MARTIN DE RE"
"APRES LA PLUIE   BIOMONDE ST ETIENNE","42 RUE BADOULIERE","42100","ST  ETIENNE"
"VIVRE BIO","26 ROUTE DE STRASBOURG","67550","VENDENHEIM"
"BIOCOOP LE FENOUIL","2 RUE DES NOISETIERS 
ZAC DE LA POINTE","72190","SARGE LES LE MANS"
"LA VIE CLAIRE VILLEFRANCHE SUR SAONE.","1117 Av Ed. HERRIOT.","69400","VILLEFRANCHE SUR SAONE"
"COTE  NATURE","13 RUE DE L'INDUSTRIE","67400","ILLKIRCH-GRAFFENSTADEN"
"LA  MAISON VITALE   S A S","2 RUE ADOLPHE SEYBOTH","67000","STRASBOURG"
"LA BELLE BIO","49 Bd  du  NORD","43500","CRAPONNE  SUR  ARZON"
"BIO EVEIL","17  Bd de la République","34110","FRONTIGNAN"
"LA VIE CLAIRE  BRIGNAIS","Parc activités  2000
Route de LYON","69530","BRIGNAIS"
"LA VIE CLAIRE  MABLY","22 RUE DE L'ARTISANAT","42300","MABLY"
"LA VIE CLAIRE LE COTEAU","30 Bd Gal DE GAULLE","42120","LE COTEAU"
"BIO DORE","2 ROUTE DE CLERMONT","63920","PESCHADOIRES"
"BIOCOOP  VICTOR HUGO","333 RUE VICTOR HUGO","26000","VALENCE"
"SATORIZ  VIENNE SEYSSUEL","Z.I SEYSSUEL  RD 4","38200","SEYSSUEL"
"LA MARJOLAINE","80 Av. Jean JAURES","69007","LYON"
"LA PETITE MAISON DU BIO -","45 RUE DES MINIMES","42300","ROANNE"
"BIOCOOP LUNEL","268 CHEMIN DE LA VIDOURLENQUE","34400","LUNEL"
"SAVEUR NATURE .","459 RUE FRANCOIS GIRAUD","69400","VILLEFRANCHE SUR SAONE"
"BIOCOOP  VILLEFRANCHE SUR SAONE (SARL COMPTOIR BIO)","1525 Route de FRANS","69400","VILLEFRANCHE SUR SAONE"
"BIO CONVIV' .","1 rue de  de Maupertuis","03410","DOMERAT"
"S.A.R.L  JEANBER  2    LE GRAND PANIER BIO","19 RUE DE L'AGRICULTURE","63100","CLERMONT FERRAND"
"AU COEUR DE LA NATURE","2 RUE CH. DE GAULLE","69210","L'ARBRESLE"
"L'EAU VIVE VANDOEUVRE","12 RUE ROBERVAL","54500","VANDOEUVRE LES NANCY"
"BIOLOGIQUEMENT VOTRE .","8 RUE LAMOURDEDIEU","63500","ISSOIRE"
"GM BIO  BIOMONDE","CC  12 ROUTE DE  ST POURCAIN","03110","CHARMEIL"
"COCO BIO","30 ROUTE DE COUBON","43700","BRIVES CHARENSAC"
"AU RELAIS VERT","RUE DES SAULNIERS
ZAC. DE LA SALINE","70200","LURE"
"D'ELLE AU NATUREL","7 BOULEVARD DE BELFORT","90100","DELLE"
"EUREA COOP  ( GAMM VERT  VILLARS )","ROUTE DE ST ETIENNE","42110","FEURS"
"L'EPICERIE DU COIN","33 PLACE DU FAUBOURG","12270","NAJAC"
"LA GRANGE BIO","CHEMIN DE CAUSSERENE","83340","LE CANNET DES MAURES"
"MARCEL ET FILS   ( ST RAPHAËL )","1254 Bd Jean MOULIN","83700","SAINT RAPHAËL"
"LE MARCHE DE FANNY","203 AVENUE PAUL JULLIEN","13100","LE THOLONET"
"LA SUPERETTE BIO MONTFAVET  SNC  VENCEBIO","Adresse magasin      Rue du bon vent  84140  MONTFAVET

452 Impasse des Artisans","84170","MONTEUX"
"MARCEL ET FILS","ZAC LES ETANGS
6 RUE DES TAMARIS","13920","SAINT MITRE LES REMPARTS"
"LA VIE CLAIRE  CRAPONNE","11 RUE Edouard MILLAUD","69290","CRAPONNE"
"LE GRAND PANIER BIO  (BIO FAMILY SARL )","702 RD 613","34740","VENDARGUES"
"BIOCOOP LE CRES","10 ROUTE DE NIMES","34920","LE CRES"
"LE CHENE VERT","ZAC  TRIFONTAINE
5 RUE DES GENETS","34980","SAINT CLEMENT DE RIVIERE"
"L'EPICERIE VERTE","1 rue Pierre-gille de gennes","64140","LONS"
"LE BIOCAL","24 RUE  PAUL VERLAINE","69100","VILLEURBANNE"
"MARCEL et  FILS","ROUTE DE LA SEYNE
QUARTIER PIEDARDANT","83190","OLLIOULES"
"MARCEL et  FILS","2384  Av .Joseph GASQUET","83100","TOULON"
"LA VIE CLAIRE  LYON ROCKFELLER","16 AVENUE ROCKFELLER","69008","LYON"
"LA VIE  CLAIRE   BEYNOST","Z A C  des BATERSES
RUE DU PRE  CAILLAT","01700","BEYNOST"
"SARL  SUPER NATURE","17 Bis   Bd VOLTAIRE","66200","ELNE"
"LA SUPERETTE  BIO   ( DOC  BIO)","CHEMIN DE L'ARNAC","30100","ALES"
"LA VIE CLAIRE  LIMOGES (Neuf par Neuf Sarl)","1 PLACE DU POIDS PUBLIC","87000","LIMOGES"
"LE GRAND PANIER BIO LIMOGES  (SAS  GADERENT)","2 RUE DE MONTLHERY","87000","LIMOGES"
"BIO CREUSE","Av. de l'Europe","23000","GUERET"
"BIOCOOP  L'ANDESITE  ( Sarl ACALIS )","20 Avenue d'AUBIERE","63800","COURNON D'AUVERGNE"
"PHARMACIE DE LA MADELEINE","CHEMIN DE LA MADELEINE","34800","CLERMONT L'HERAULT"
"BIOCOOP  LA MARIGOULE","ZAC  PONT DE CHARETTES","30700","UZES"
"BIOCOOP  LA MARIGOULE","C.C les 7 COLLINES
42 RUE DU FOREZ Bat. B",30000,"NIMES"
"LA VIE CLAIRE LYON LAFAYETTE","245 COURS LAFAYETTE","69006","LYON"
"LA VIE CLAIRE  LYON  VENDOME","125 RUE VENDOME","69006","LYON"
"LA VIE CLAIRE  DECINES CHARPIEU","191/193 Av. J. JAURES","69150","DECINES CHARPIEU"
"LA VIE CLAIRE  TIGNIEU","26 ROUTE DE CREMIEU","38230","TIGNIEU"
"LA VIE CLAIRE  ROMANS","6 RUE DES ALLOBROGES","26100","ROMANS SUR ISERE"
"LA VIE CLAIRE  CHAMBERY","89 RUE SOMMEILLER","73000","CHAMBERY"
"LA VIE CLAIRE  AIX LES BAINS","19 Bis Square Alfred BOUCHER","73100","AIX LES BAINS"
"LA VIE CLAIRE  MEYLAN","21 RUE DU GRESIVAUDAN","38240","MEYLAN"
"LA VIE CLAIRE  VOIRON","6 RUE LEPRINCE RINGUET","38500","VOIRON"
"LE GRAND PANIER  BIO","ZA DE LA HAUTE BORNE
350 RUE DE LA BUTTE AUX LIEVRES","77100","MAREUIL LES MEAUX"
"MARCEL ET FILS","Z.C AVIGNON NORD - LE PONTET
LOT. BARNEOUD  LOT N°7","84700","SORGUES"
"BIO LEON","103 Av. du Lac","40550","LEON"
"ESPACE  BIO","19 RUE  BLAISE PASCAL","36000","CHATEAUROUX"
"EUREA COOP ( GAMM VERT  ST CHAMOND )","ROUTE DE ST ETIENNE
ZC  CARREFOUR","42110","FEURS"
"L'HERMITAGE","34  RUE  WITTERTALHOF","67140","LE  HOHWALD"
"AGRI SUD EST CENTRE  ( GAMM VERT  MONISTROL SUR LOIRE","ROUTE DE ST ETIENNE","42110","FEURS"
"AGRI SUD EST CENTRE ( GAMM  VERT RIORGES )","ROUTE DE ST ETIENNE","42110","FEURS"
"BIOSAVEURS  COUTANCES","8  RUE DES GLACIERES
ZI  AUBERGE DE LA MARE","50200","COUTANCES"
"BIOSAVEURS  YQUELON","788  AVENUE DE L'EUROPE","50400","YQUELON  GRANVILLE"
"EUREA COOP ( GAMM VERT  BRIVES CHARENSAC )","ROUTE DE ST ETIENNE","42110","FEURS"
"EUREA  COOP ( GAMM VERT  MONTBRISON )","ROUTE DE ST ETIENNE","42110","FEURS"
"SARL   AMBIAN SPA","7 RUE DORIAN","42700","FIRMINY"
"LA MAISON DU BIO EURL","ZAC La Molière Basse","81200","MAZAMET"
"SARL LOGIQUE BIO ( LA VIE CLAIRE PONT DE BEAUVOISIN )","Z.I LA BARONNIE
CENTRE COMMERCIAL LE CHALET","73330","PONT DE BEAUVOISIN"
"LE GRAND MARCHE BIO  ( LA VIE CLAIRE  FURIANI )","ROUTE DU STADE DE FURIANI","20600","FURIANI  CORSE"
"LA VIE CLAIRE CROIX ROUSSE","PLACE JOANNES AMBRE","69004","LYON"
"SARL  EURL DE VITRY  ( GAMM VERT VITRY EN CHAROLLAIS )","ROUTE DE ST ETIENNE","42110","FEURS"
"BIOTHENTIK","15 Allée de l'Europe","67140","BARR"
"MARCEL ET FILS ( ISTRES )","26 chemin  Bord de Crau","13800","ISTRES"
"RETOUR   AUX  SOURCES","18 BIS  PLACE  JEAN  JAURES","77140","NEMOURS"
"LA VIE CLAIRE","ROUTE DE MARSEILLE","13300","SALON DE PROVENCE"
"VILLAVERDE (SARL LES AMARYLIS  VILBEL)","1 RUE DE BAD VILBEL","03000","MOULINS"
"BIOCOOP L'OUSTAL  SARL","81 ROUTE DE PARIS","31150","FENOUILLET"
"BIOCOOP - SARL BIO MINIMES","4 Avenue Frederic Estebe","31200","TOULOUSE"
"LA MAISON VITALE","31 AVENUE DE LA DIVISION LECLERC","67120","DORLISHEIM"
"LA VIE CLAIRE ( OULLINS  )","70  GRANDE RUE","69600","OULLINS"
"KI VIE BIO","408 AVENUE DE FRONTON","31200","TOULOUSE"
"LA VIE CLAIRE ( VILLEURBANNE )","134 rue DEDIEU","69100","VILLEURBANNE"
"BIO'NAT -  CROQ'NATURE","330 AVENUE DES GLIERES","74300","CLUSES"
"LA VIE CLAIRE  (SGD EXPLOITATION )","2 PLACE DU CHAMP DE MARS","38300","BOURGOIN JALLIEU"
"MERVEILLES DE LA NATURE *","1 RUE HENRI MATISSE","52000","CHAUMONT"
"1 COIN DE NATURE","ZONE COMMERCIALE","51530","PIERRY"
"LA VIE CLAIRE","25 RUE FREPPAZ","73700","SEEZ"
"Magasin Bio  PLASSE","Z.I  Av. de la Republique","63160","BILLOM"
"LA VIE CLAIRE ( BAMBOO -MADA )","Z.A LES MOLETONS","43120","MONISTROL SUR LOIRE"
"DISTRIBIO  ( EURL ANANDA )","7 rue de la Republique","34140","MEZE"
"NATUREL & BIO","1809 Av  Mal JUIN","30900","NIMES"
"BIOCOOP LA CHARTREUSE","2 RUE HENRY LE CHATELIER","81100","CASTRES"
"LA VIE CLAIRE  LYON SAXE","123 AVENUE DE SAXE","69003","LYON"
"FLEURS ET NATURE","3 ALLEE AUGUSTE BERNARD
ZAC DES GRANGES","42600","MONTBRISON"
"LES SAVONNERIES DU SOLEIL","39 QUAI COLBERT","30240","LE GRAU DU ROI"
"LA MAISON DU SAVON DE MARSEILLE (SARL LORANDI )","40 ALLEE DE LA FLANERIE","34300","CAP D'AGDE"
"BIOCOOP  L' EPHEBIO","Route de SETE   ZC Intermarché
 Les Portes du littoral","34300","AGDE"
"NATURALIA","TSA 73002
14/16  RUE Marc Bloch","92116","CLICHY CEDEX"
"ALPILLES BIO (SARL MADRE BIO )","23AVENUE ALBIN GILLES","13210","ST REMY DE PROVENCE"
"SATORIZ","Z.A LES BLANCHISSERIES","38500","VOIRON"
"SYMBIO'Z","36 ROUTE DE CHARTRES","28500","VERNOUILLET"
"SARL   BIO DE LUZ","210 ROUTE  DEPARTEMENTALE 810","64122","URRUGNE"
"BIOCOOP ST MARCELLIN","ZC  LA GLORIETTE","38160","SAINT MARCELLIN"
"NATUREL   ET   BIO","179 ROUTE DE MARSEILLE","26200","MONTELIMAR"
"HERBORISTERIE  LES DEUX ABBES","2 COURS J . JAURES","03210","SOUVIGNY"
"Mme DENOYER  LAELA","561 bd de CHABRY","83190","SIX FOURS LES PLAGES"
"LA VIE CLAIRE   POINT DU JOUR","87 Avenue du Point du Jour","69005","LYON"
"RAYONS VERTS","Avenue du 14 JUILLET","18100","VIERZON"
"LA VIE CLAIRE","CHEMIN DE L'ARDILLAT","18100","VIERZON"
"LE FERMIER (  NATUROD   )","131 Bd  de CRETEIL","94100","ST MAUR DES FOSSES"
"LA VIE CLAIRE","38 COURS BERRIAT","38000","GRENOBLE"
"HERBORISTERIE    NATURA MUNDI","2  Bis  RUE ALSACE LORRAINE","31000","TOULOUSE"
"LOUIS HERBORISTERIE","Rue des Anciens ETANGS  40","1190","BRUXELLES"
"SARL  A . HEMBISE","138 ROUTE DE DRAGUIGNAN","06130","GRASSE"
"BIOCOOP  AU BOURGEON VERT","69 RUE BARBES","18000","BOURGES"
"CROC'BIO","32 Rue de Romainville","03300","CUSSET"
"LE COURABIO","3Bis Avenue Sadi CARNOT","42400","SAINT CHAMOND"
"MON BIO  ( Bioasis )","39 Bd de la République","38500","VOIRON"
"BIOCOOP NATURE ELEMENTS","2 Av.ALEXANDRE  BLANC","84110","VAISON LA ROMAINE"
"COHERENCE BIO","42 RUE D'ITALIE                         
ZAC  LE COUDOULET","84100","ORANGE"
"COMPTOIR DES BARONNIES","PORTE MAJOR","26170","MOLLANS SUR OUVEZE"
"UNI-VERT-BIO","15 Bd BRIAND","26170","BUIS LES BARONNIES"
"LA VIE CLAIRE  LA TOUR DU PIN","3 RUE Joseph MANCIER","38110","LA TOUR DU PIN"
"C'BIO POUR LE MORAL","Z.A  LES TERRASSES","34150","ANIANE"
"BIOCOOP  CASA BIO  CHORIER","32 RUE NICOLAS CHORIER","38000","GRENOBLE"
"NATUR 'O BIO","7 Rue Dr Louis LEGRAND","21700","NUITS SAINT GEORGES"
"SCOOP  CASABIO LIBERATION","234 AVENUE DE LA LIBERATION","38100","GRENOBLE"
"BIOCOOP CASABIO SAINT EGREVE","22 AVENUE  DE L'ILE BRUNE","38120","SAINT EGREVE"
"BIOCOOP CAMPANA","8 AVENUE DE L'ENTREPRISE
Parc commercial des Moutiers","12000","RODEZ"
"SARL JARDINERIE TARNAISE","ZI LA CHARTREUSE","81100","CASTRES"
"SARL COPAINS COPEAUX ( La Maison du Savon de Marseille)","10 Rue Gaston de Saporta","13100","AIX EN PROVENCE"
"BIOCOOP CASABIO CHAMBERY","26 QUAI DE LA RIZE","73000","CHAMBERY"
"SARL  CAP'BIO 04 ( LA VIE CLAIRE )","ESPACE CHAMPARLAU
Impasse de la fenière","04200","PEIPIN"
"BIOCOOP MALHERBE","1 AVENUE MALHERBE","38100","GRENOBLE"
"LES TRESORS DE GAÏA","41 PLACE SAINT LEGER","73000","CHAMBERY"
"LES BAINS DE LA CITE","9 Rue Cros Mayrevieille","11000","CARCASSONNE"
"BIO& SENS 3","ZAC   ST  ANTOINE","34130","SAINT AUNES"
"SO  BIO  AGEN","84 Av. de Bigorre","47550","BOE"
"SAS  FLACOCORANE","31 GRANDE RUE","84110","VAISON LA ROMAINE"
"RENDEZ VOUS BIO","33  Route de Marseille RN 8
LUYNES","13080","AIX EN PROVENCE"
"MARCEL & FILS","44 CHEMIN DES CIGALES
RD 562","83440","MONTAUROUX"
"MARCEL & FILS","502 AVENUE LOU GABIAN","83600","FREJUS"
"LA VIE EN BIO","14 ROUTE DE CLERMONT","63670","LE CENDRE"
"COEUR D'ARTICHAUT","22 ROUTE DE SAINT AGREVE","43190","TENCE"
"CHRISTIAN et  VERONIQUE DROGUERIE CADEAUX","12 Avenue CHARCOT","34240","LAMALOU  LES BAINS"
"LA BOUTIQUE D'AVENE","35  QUAI DES TANNERIES","34260","AVENE"
"CAP ' VITALITE","RD  468  RUE Gal LECLERC","67115","PLOBSHEIM"
"SARL DISTRI BIO   BIOCOOP NEVERS","47 Bd du GRAND PRE BORDES
ZA  GRANDS CHAMPS","58000","NEVERS"
"NBA  BIOMONDE  SARL","43 Bd  Camille DAGONNEAU","58640","VARENNES VAUZELLES"
"SARL Le Chêne et le roseau ( BIOCOOP COSNE SUR LOIRE °","Avenue du 85ème de ligne","58200","COSNE  COURS SUR LOIRE"
"CONSOMM' ACTEURS  BIO","Chemin Charité
Route d'Avignon  RN 100","84400","APT"
"LA CHAYOTE  SARL","9 RUE D'ESPAGNE","64100","BAYONNE"
"BIOCOOP","1630 Avenue  de FONNEUVE","82000","MONTAUBAN"
"BIOSOL","65 AVENUE GAMBETTA","82000","MONTAUBAN"
"AU BIO  ARCADIE","223 ROUTE DE GRENADE","31700","BLAGNAC"
"BIO VIVRE","104 RUE DE VERDUN","11000","CARCASSONNE"
"BIOCOOP SAINTES","4RUE DU CHAMP DE TIR
ZAC  PARC ATLANTIQUE","17100","SAINTES"
"MISS BIO & NAT  (Nicolas LEPINE )","CHM   MONTALIVET
46 AVENUE DE L'EUROPE  BP 83","33930","VENDAYS  MONTALIVET"
"BIOMONDE","9 RUE WILLIAM PONTY","17300","ROCHEFORT"
"L'HERBIER D'ALIENOR","Le Vieux Marché","33510","ANDERNOS"
"PURE PLANETE","8 Avenue du Maréchal des Logis Garnung","33680","LACANAU"
"LA HALLE TOURNONAISE  BIO","42 GRANDE RUE","07300","TOURNON SUR RHONE"
"MA BOUTIQUE BIO (SARL BIO KALI)","66 AVENUE LOUIS DE FOIX (RN10)","64100","BAYONNE"
"LA VIE CLAIRE (C-BIO)","3 AVENUE VICTOR HUGO","64200","BIARRITZ"
"L'EAU VIVE - BIO NATURE OCEAN","2 Impasse Robinson","40220","TARNOS"
"CASA BIO - SARL ARC EN CIEL","28 Bd des POMMES","64300","ORTHEZ"
"LA VIE CLAIRE - LE TEMPS DES SAISONS","Résidence Le Point Gascon
246, avenue Alphonse Daudet","40600","BISCARROSSE"
"L'EAU VIVE - SARL CANAL BIO","Avenue de Bayonne - RN10 Le plateau","64210","BIDART"
"BIOMONDE - BIO DISTRIO","ZAC DES COTEAUX
13 A RUE DE LA CHAMPAGNE ST GEORGES","17810","SAINT GEORGES DES COTEAUX"
"LES ROBINS DES BIO","18 ROUTE DE ROUEN
ZONE GRANDIN NOURY","76500","ELBEUF SUR SEINE"
"BIOCOOP -  SARL BIOCBG","ZAC de la Plaine
8 Rue Einstein","47200","MARMANDE"
"L'ADRESSE SAINE","159 AVENUE DES PYRENEES","33140","VILLENAVE D'ORNON"
"BIOCOOP RIVE DROITE","QUAI DE SOUYS 
PA LÔT DE VIMENCY","33270","FLOIRAC"
"ALLEE  DU  BIO","20 Avenue  MAUCAILLOU","33450","SAINT SULPICE ET CAMEYRAC"
"EPICERIE BIO La Sirène du Bassin","""L'Espace Captal""
8 rue Fr Legallais","33260","LA TESTE"
"La Vie Claire SARL MBR","240 avenue du Maréchal Juin","40000","MONT DE MARSAN"
"Le Marché de Léopold - BIOMEN Le Taillan","371 Bis Avenue du Médoc","33320","EYSINES"
"Le Marché de Léopold - BIOMEN POITIERS","50 Avenue du 11 Novembre
Zone du Grand Large","86280","SAINT BENOIT"
"MARCEL et FILS  FUVEAU","395 RD 96
JAS DE BASSAS","13710","FUVEAU"
"Le Marché de Léopold - BIOMEN LANGON","112 Cours du Maréchal de Lattre de Tassigny","33210","LANGON"
"Le Marché de Léopold - BIOMEN ANGOULEME","120 Route de Paris","16160","GOND PONTOUVRE"
"SAS  LA BIO DU SEMNOZ  (BIOCOOP)","12 CHEMIN DE FERIAZ","74600","SEYNOD"
"LA VIE CLAIRE  PASSY","293 RUE DES CARDINOLINS","74190","PASSY"
"BIOCOOP - SARL BIOCOOP CAUDERAN","48 AVENUE DU GENERAL LECLERC","33200","BORDEAUX"
"BIOCOOP DE CHALONS","32 AVENUE DE TERREBLANQUE","40230","ST VINCENT DE TYROSSE"
"L'EAU VIVE - SARL BIOMARCHE","58 BOULEVARD AMPERE","79180","CHAURAY"
"BIOMONDE (SAS HELICHRYSE )","29 rue de La ROCHELLE","63370","LEMPDES"
"BIOCOOP - SARL LE GRAIN D'OR","120 AVENUE MICHEL GRANDOU","24750","TRELISSAC"
"MARCEL et FILS","399Rue Emile RIPPERT","13600","LA CIOTAT"
"SARL TERRE D'ABONDANCE (LE GRAND PANIER BIO)","37-39 Avenue de Menival","69005","LYON"
"TOUT NATURELLEMENT","1 RUE DE LA FILHOLE","47200","MARMANDE"
"SARL BIONATURALYS","ZA DE PIED SEC NORD","17260","GEMOZAC"
"Le Marché de Léopold - BIOMEN SAINT PIERRE DU MONT","1950 AV DU PRESIDENT KENNEDY","40280","SAINT PIERRE DU MONT"
"BIO D'ACQS","25 AVENUE DU SABLAR","40100","DAX"
"LE PANIER BIO (SM BIO )","65 Av . J.JAURES","63200","MOZAC"
"LUNA LISA","9 B  Av. Kennedy","39500","TAVAUX"
"BIOCOOP MURET Sarl PREMABIO","20 Bd JOFFRERY","31600","MURET"
"SCOP   PRAIRIAL","10 Rue des Droits de l'Homme","69120","VAULX EN VELIN"
"LA VIE CLAIRE ( SARL TONIC )","16 Rue de la Poterie","74960","CRAN -GEVRIER"
"MR OU MME HANNETON PASCAL","133 AVENUE POINCARE","59700","MARCQ EN BAROEUL"
"GRAND PANIER BIO - SAS ROYAN BIO","46 RUE ANDRE MARIE AMPERE","17200","ROYAN"
"NATURE ET TERROIR","6 ROUTE DE TENCE","43400","LE CHAMBON SUR LIGNON"
"MME CHANTALE DURY","36 AVENUE DE LA MONT JOYE","30220","AIGUES MORTE"
"LA VIE CLAIRE - SAS LANALOUAN","1270 AVENUE DE TOULOUSE","82000","MONTAUBAN"
"BIOCOOP PURPAN - SARL BIOPURPAN","301 AVENUE DE GRANDE BRETAGNE","31300","TOULOUSE"
"LA VIE CLAIRE  AUBIERE","46 Avenue de COURNON","63170","AUBIERE"
"MARJOLAINE","6PLACE DE LA CALADE","43200","YSSINGEAUX"
"BIOCOOP - MAXIBIO","72 AVENUE PIERRE MENDES FRANCE","33700","MERIGNAC"
"INSTITUT SAINT ANGE","51 RUE A. DURAFOUR","42100","SAINT ETIENNE"
"LA VIE CLAIRE CHAMPAGNOLE","84 Impasse PILON","39300","CHAMPAGNOLE"
"BIOCOOP - SARL SAISON BIO","39 AVENUE DE VERDUN","33500","LIBOURNE"
"BIOCOOP - SARL LE GRAIN D'OR 3","Route de Ribérac 
Lieu dit : Les Combeaux","24650","CHANCELADE"
"SAVEURS DE LA TERRE - BIOMONDE","ALLEE DE DIETRICH
QUARTIER DE LA FOLIE","41100","SAINT OUEN"
"SO BIO","10 Avenue Gustave Eiffel","33600","PESSAC"
"COOP NATURE TOURS NORD","25 RUE HOLLANDE","37100","TOURS"
"SO BIO MONTAUBAN","850 Avenue Jean Moulin","82000","Montauban"
"SO BIO MURET","6 Rue Pierre de Fermat","31600","Muret"
"BIOCOOP  LA RAMEE","110 Av. MARQUISAT","31170","TOURNEFEUILLE"
"Schmidt Frank","Überseite 69","41352","Korschenbroich"
"LA VIE CLAIRE - SARL THYM ET ROMARIN","35 BIS ROUTE DE TOULOUSE","31700","CORNEBARRIEU"
"SO BIO LE HAILLAN","87 Rue de la Morandière","33185","Le Haillan"
"SO BIO BIGANOS","28A Rue des Fonderies","33380","Biganos"
"LA VIE CLAIRE (SARL ONET BIO)","Route d'Espalion","12850","ONET LE CHATEAU"
"LA VIE CLAIRE MACON","94 Route de LYON","71000","MACON"
"L'EPICERIE VERTE - PAU","Av Alfred Nobel -
106 Route de Morlaas","64000","PAU"
"BIOREFERENCE","36 BD VOLTAIRE","19100","BRIVE LA GAILLARDE"
"BIOCOOP - SARL LE SARLADAIS BIO","ZONE COMMERCIALE DU PONTET
LA GENDONIE BASSE","24200","SARLAT"
"SARL MOULIN  SAINT AUGUSTIN","Quartier les Hermitants
280 Rte d'Apt","84580","OPPEDE"
"SCATTOLIN   Myriam","Le Breil Haut
chez Mr STRABACH Patrick","46250","MARMINIAC"
"LA VIE CLAIRE - S. NATURE","17 RUE DE LA GALERE","72013","LE MANS CEDEX"
"ETIK ET BIO","RUE DES HALLES","45000","ORLEANS"
"BIOMONDE - EM'BIO","5 BIS RUE DU CLOS BORDEAUX","45190","TAVERS"
"EAU VIVE - SARL VIDISBIO","47 ROUTE DE TARBES","64320","BIZANOS"
"SARL  PARC DORIAN  (JARDINERIE  LARDON )","9 rue DORIAN","42700","FIRMINY"
"ATOUT BIOMONDE","25 RUE DES MIROUELLES","17310","SAINT PIERRE D'OLERON"
"BIO &SENS","100  ALLEE de LAUZARD
ZAC LES VERRIERS","34980","SAINT GELY DU FESC"
"LE MARCHE DE LEOPOLD - BIOMEN","85 AVENUE ALIENOR D'AQUITAINE
LOTS LES PETITES BAZINIERES","85000","LA ROCHE SUR YON"
"BIOMONDE - SAS GOODFOOD","10 RUE DE QUATREFAGES","17000","LA ROCHELLE"
"SARL   AU  PRIMEUR  DU  CHANTRE","1750 Av. de Provence
Quartier  le Chantre","26320","SAINT MARCEL  LES VALENCE"
"BIOMONDE","Place M.Gontier","34800","CLERMONT L'HERAULT"
"SARL  MOULIN GRIBORY",,"03120","CHATELUS"
"BIOCOOP - SANFRAN BIO","24 RUE LAVOISIER","17200","ROYAN"
"BIO AUDEMA","MAS SAINT PASTOUR","30310","VERGEZE"
"LA VIE CLAIRE  ( SARL BIOTHAU )","71 Avenue Marechal JUIN","34110","FRONTIGNAN"
"MIU Co., Ltd.","5F, 2-11-5 Komazawa
Setagaya-ku, 
Tokyo 154-0012","NULL","NULL"
"BIOCOOP - SCOP BIO COMMINGES","ZONE COMMERCIALE DE LANDORTHE
RN 117","31800","LANDORTHE"
"MyBioShop MONTABIO SAS","80C ROUTE DE CAVAILLON","84660","MAUBEC"
"EAU VIVE - SARL BIODAX","35 ROUTE DE LA BERNADERE","40990","ST PAUL LES DAX"
"LA VIE CLAIRE - SARL BIO ORTHEZ","26 AVENUE DU 8 MAI","64300","ORTHEZ"
"SARL DRPAG","5 rue de la liberté","97351","MATOURY"
"SUPERETTE BIO CARCASSONNE","ZA La Féraudière
Avenue Paul Henri Mouton","11000","CARCASSONNE"
"BIOCOOP - PANIER DU BEARN","59 ROUTE DE BAYONNE","64140","BILLERE"
"BIO TOUJOURS","2 ROUTE DE ST GEORGES D'ORQUES","34990","JUVIGNAC"
"Le Marché de Léopold - BIOMEN GUJAN","Avenue Césarée Centre Commercial Grand Large","33470","GUJAN MESTRAS"
"DROGUERIE  LEGRAND","53 RUE ST MICHEL","14130","PONT L'EVEQUE"
"L'EAU VIVE (ART DE VIVRE BIO)","511 Av. de l'Europe","69400","VILLEFRANCHE SUR SAONE"
"SUPERETTE BIO  SNC  CAVABIO","452 Impasse des Artisans","84170","MONTEUX"
"L'EAU VIVE - SARL BIOCHERI","PA De La Guerche
Avenue des Frères Lumière","44250","SAINT BREVIN LES PINS"
"L'EAU VIVE - SAS BIOPYRENEES","3 Bis Avenue du Mail de l'Hippodrome","64140","LONS"
"NATURE et SANTE","14 Rue GAMBETTA","73200","ALBERTVILLE"
"LA VIE CLAIRE LUNEL (SAS TWO BIO)","C.C LES PORTES DE LA MER","34400","LUNEL"
"BIOCOOP COSMOS CABESTANY","15 RUE BECQUEREL","66330","CABESTANY"
"NATURE ESSENTIELLE","17 RUE AUX FEVRES","71100","CHALON SUR SAONE"
"SATORIZ  ALBERTVILLE","1115 Chemin de la Cassine","73200","ALBERTVILLE"
"LA VIE CLAIRE SARL DIETAMINE","8 RUE PASTEUR","21000","DIJON"
"BIO SANTE","7 RUE Mal FOCH","57430","SARRALBE"
"LA SOURCE   BIOTHENTIK","1 RUE DE PULLY","67210","OBERNAI"
"LA VIE CLAIRE (HORIZON BIO)","8aV. d'EVIAN","74200","THONON LES BAINS"
"HOUPIN  JOCELYNE","130 RUE DE LA LIBERTION","60530","LE MESNIL EN THELLE"
"BIOMONDE SARL BIO OCEAN","186 Rue Carnot","85300","CHALLANS"
"BIOMONDE SARL REGAIN DE VIE","77 Boulevard de L'Egalité","85800","SAINT GILLES CROIX DE VIE"
"LA MAISON DU VOYAGE","2101C ROUTE DE MONTJOLY","97354","REMIRE MONTJOLY"
"BIOCOOP LA GRAINE DE LIN","ZONE d'ENTRAIGUES","05200","EMBRUN"
"SARL LA SPHERE BIO","3 RUE GRENETTE","04400","BARCELONNETTE"
"CHEVREFEUILLE","5 RUE LAVERGNE","19130","OBJAT"
"BIO & SENS","976 ROUTE d'AIX","84120","PERTUIS"
"PARADIS BIO","Route de la Tour d'Aigues","84120","PERTUIS"
"AMBIANCE BIO","RUE de la JUIVERIE","84160","LOURMARIN"
"MyBioShop SAS UZEGEBIO","Local 12C   CC Les Sablas","30700","MONTAREN"
"BIOCOOP","57 Avenue de la Libération","19360","Malemort-sur-Corrèze"
"AU NATUREL","LA SECHERE","24390","BADEFOLS D'ANS"
"EAU VIVE - SAS CREO SOLUTIONS","13 Rue du 14 Juillet","17138","PUILBOREAU"
"L'HERBORISTERIE  SARL SIGNOLETTE","1 RUE DES NONNES","73000","CHAMBERY"
"COTE NATURE  SARL DROPATISS","2 RUE DE MAISTRE","73000","CHAMBERY"
"M&OZ","5 Rue ST EXUPERY","69002","LYON"
"BIOCOOP DES OLONNES","30 Rue Plesses Rond point de La Boussole","85180","CHATEAU D'OLONNE"
"LA VIE CLAIRE","134 Avenue de la Roque","24100","CREYSSE"
"BIOCOOP QUINT","12 Chemin de Ribaute","31130","QUINT FONSEGRIVES"
"SARL LA GOUSSE D'AIL","ESPLANADE A.GIRAUD","05120","L'ARGENTIERE LA BESSEE"
"BIOCOOP  RIVE DE GIER","Rue J.B BERLIER","42800","RIVE DE GIER"
"L'ESSENTIEL","16 RUE DE LA BOMBARDE","69005","LYON"
"BIOCOOP MARAICHINE - SCOP BALNOV","1 Rue de la Cailletière","85300","CHALLANS"
"BIOCOOP UNIVERSITE - LE FENOUIL","22 Bd Louis Leprince-Ringuet","72000","LE MANS"
"BIONATURE","1375 Route de Saint Jean de Braye","45400","SEMOY"
"TISSERAND Sylviane","110 Rue Gaston SAVE","88100","ST DIE  des VOSGES"
"LE PANIER DU MOULIN","N°1   D118 Le Buou","84160","PUYVERT"
"MYBIOSHOP   ROCBARON","ZAC du Fray Redon","83136","ROCBARON"
"MYBIOSHOP   SANARY","670 ROUTE DE BANDOL","83110","SANARY SUR MER"
"MARCEL ET FILS","1532 Av. des Platanes","34970","LATTES"
"LE GRAND PANIER BIO","137 Avenue Charles DUPUY","43700","BRIVES CHARENSAC"
"AQUAROMAT","ZAE La Croix de la Borie","24590","SAINT-GENIES"
"LA VIE CLAIRE - SARL FRAVI","64 Route de Léognan","33140","VILLENAVE D'ORNON"
"ALUSSE Cecile","Le Grenier à Sel","53170","MAISONCELLES DU MAINE"
"ETHIQUETTE  SARL PADELOUP","15 Rue des FUSILLES","23200","AUBUSSON"
"LA VIE CLAIRE CROQ NATURE","25Av. de PARIS","41200","ROMORANTIN LANTHENAY"
"GRAND PANIER BIO","67 ROUTE DE BAYONNE","31300","TOULOUSE"
"L'EAU VIVE - SARL FLANDREA","12 Avenue Jean Perrin","33700","MERIGNAC"
"L'ELIXIR D'ANAÏS","36 Rue de l'église","38200","VILLETTE DE VIENNE"
"KIOSQUE IN LYON","K2 PlaceBELLECOUR","69002","LYON"
"BIO GRAY  SUPERETTE LES TILLEULS","35 Grande Rue","70100","GRAY"
"SATORIZ    MACON","22 Rue du 19 MARS  1962
ZACdes Platieres","71000","SANCE"
"SATORIZ SALLANCHES","1894 Avenue de GENEVE","74700","SALLANCHES"
"SATORIZ  ANNECY","99 Avenue des Alpes","74330","EPAGNY"
"SATORIZ AVIGNON","Rue de la Tramontane","30133","LES ANGLES"
"SATORIZ NIMES","115 Avenue des Français libres","30900","NIMES"
"SATORIZ MONTPELLIER","ZAC Le Fenouillet","34470","PEROLS"
"SATORIZ  LES  7  CHEMINS","C.C les  7CHEMINS","69120","VAULX EN VELIN"
"SATORIZ    ST MARTIN D'HERES","2  Av.  Gabriel PERI","38400","ST MARTIN D'HERES"
"SATORIZ CROLLES","441 Rue Charles de Gaulle","38920","CROLLES"
"SATORIZ   L'ISLE D'ABEAU","Rue Vincent VAN GOGH","38080","L'ISLE D'ABEAU"
"INSTITUT  HELITYS  MAHE Carole","73 Rue de la chapelle","74140","ST CERGUES"
"BIOCOOP - SAS ENTRE CIEL ET TERRE","ROUTE DE SAMATAN","32600","L'ISLE JOURDAIN"
"ASILI  NI  MAALI","15 Rue du PORTUGAL","03200","VICHY"
"SATORIZ  CLERMONT","15 Av. du Roussillon","63170","AUBIERE"
"BIOCOOP LES 7 SAVEURS","197 Rue des FOURCHES","45500","GIEN"
"LA VIE CLAIRE  SARL LA FERME NATURE","2 Av. CHAUTEMPS","45200","MONTARGIS"
"SO BIO","184 chemin de Boudou","31140","LAUNAGUET"
"LA VIE CLAIRE - SARL LA VIE BIO","163 Avenue Louis Barthou","33200","BORDEAUX CAUDERAN"
"SATORIZ VALENCE","Zone des MURETS","07130","SAINT PERAY"
"SNC   SACEBIO (LA SUPERETTE BIO )","190 Bd J.JAURES","13300","SALON DE PROVENCE"
"SATORIZ  GRAND SUD","Av. PADOVANI ZAC du LIOURAT","13127","VITROLLES EN PROVENCE"
"SATORIZ  PUGET","LA TUILIERE RN 7","83480","PUGET SUR ARGENS"
"SATORIZ MANDELIEU","85 Allée Louis BLERIOT","06210","MANDELIEU LA NAPOULE"
"SATORIZ  VALLAURIS","2791 Chemin  St  Bernard","06225","VALLAURIS"
"SATORIZ  NICE","37 Av. Auguste VEROLA","06200","NICE"
"SATORIZ AUBAGNE","2 Impasse des Roselières","13400","AUBAGNE"
"SATORIZ   TETE D'OR","100 Av. Gal LECLERC","69300","CALUIRE"
"TFC","Route de LEVEAU","38200","VIENNE"
"SATORIZ  MULHOUSE","13 ROUTE DE SOULTZ","68270","WITTENHEIM"
"SATORIZ STRASBOURG","RUE TRANSVERSALE B","67550","VENDENHEIM"
"SATORIZ  SAINT ETIENNE","5 Rue Marc CHARRAS","42100","SAINT ETIENNE"
"SATORIZ  COMBOIRE","12 Rue des Montagnes de Lans","38130","ECHIROLLES"
"SATORIZ CHAMBERY","2577 Av. des Landiers","73000","CHAMBERY"
"SATORIZ  ANNEMASSE","2Rue René CASSIN","74240","GAILLARD"
"SATORIZ  LEMAN","4 Bd du Pré BIOLLAT","74200","ANTHY SUR LEMAN"
"SATORIZ  FERNEY VOLTAIRE","31 Av. VOLTAIRE","01210","FERNEY -VOLTAIRE"
"SATORIZ  THOIRY","CC VAL THOIRY  ZA  Pré Fontaine","01710","THOIRY"
"L'EAU VIVE  SARL CBIO","4Rue Louis BLERIOT","68000","COLMAR"
"BIOCOOP MONTREDON","2 rue d' ARIANE","31240","L'UNION"
"LA VIE CLAIRE","385 Av. du COMTE VERT","73000","CHAMBERY"
"BIOCOOP - L'ALBRET VERT","ZA Larrousset 
Route de Condom","47600","NERAC"
"BIOCOOP  TOURNON SUR RHONE","175 Rue deCHAMPAGNE","07300","TOURNON SUR RHONE"
"LA SUPERETTE BIO -SNC AIXBIO","24 Cours SEXTIUS","13100","AIX EN PROVENCE"
"NUTRIMENTHE","11 Bis Avenue des Pyrénées","31600","MURET"
"BIOCOOP - SARL VILLENAVE BIO","42 RUE JEAN PAGES","33140","VILLENAVE D'ORNON"
"BIOCOOP ORLEANS NORD","40 Rue Gabriel  DEBACQ","45770","SARAN"
"BIOCOOP","71 Avenue Paul Doumer","24100","BERGERAC"
"VERT CHEZ NOUS","1 Rue du 11 Novembre","34410","SERIGNAN"
"VERT CHEZ NOUS","1 Rue du 11  Novembre","34410","SERIGNAN"
"BIOCOOP  CHOLET SUD","12 Avenue de la Marne","49300","CHOLET"
"BIOCOOP DU LEMAN","45 CHEMIN DU JOURNANS","01170","CESSY"
"BIOCOOP","Z.A  LES  ESTRADES","07150","VALLON PONT D'ARC"
"BIOCOOP DU LEMAN","45 CHEMIN  DE JOURNANS","01170","CESSY"
"L'ARBRE à SAVONS","42Rue SIGORGNE","71000","MACON"
"NATUR ' ARCADE","65  Grande Rue","71500","LOUHANS"
"MyBioShop","2 Rue Ernest EUZEBY","30200","BAGNOLS SUR CEZE"
"EURL  CITE PROVENCE","15 RUE ST LOUIS","11000","CARCASSONNE"
"LES SAVONNERIES DU SOLEIL","26 QUAI CH . DE GAULLE","83150","BANDOL"
"SARLU   LES SENS CIEL","16  Rue JAUNE ROUX","13210","ST REMY DE PROVENCE"
"SARL ETHIQUE ET BIO","1 ROUTE DE CHATEAUROUX","36100","ISSOUDUN"
"SOBIO  COGNAC","Le Fief du Roy
Rue Pierre LATECOERE","16100","CHATEAUBERNARD"
"L'ANGELIQUE  (Virginie  GIROTTI )","36 Cours de la REPUBLIQUE","33390","BLAYE"
"L'AUTHENTIQUE","75 Av. des Campings","34340","MARSEILLAN  PLAGE"
"SOCIETE  LOKARE","4 Route de ST GEORGES","63800","LA ROCHE NOIRE"
"SAVONNERIES DU SOLEIL  SARL LORCHAMP","8 RUE ST JEAN","69005","LYON"
"LE GRAND PANIER BIO","ZAC SENS SUD 
2-4 Avenue Jean DELPECH","89100","SENS"
"BIOCOOP  FRONTON","25 Chemin du Buguet","31620","FRONTON"
"BIOCOOP JOJOBA","Village Vert 5 , Place de verdun","04300","FORCALQUIER"
"LE REGARD VERT","ZI PLAN LONG
Rue des Micocouliers","30430","BARJAC"
"MILLARD    Claire","82 Rue POINTIN","80000","AMIENS"
"MARY  Michèle","Le Servenier
7 Voie Romaine","24100","LEMBRAS"
"BIOAZUR","Espace commercial SAINT MARC","12850","ONET LE CHATEAU"
"BIOCOOP LE PERGET","2-4 Avenue AMPERE","31770","COLOMIERS"
"BIOMEN LE MARCHE DE LEOPOLD","Chemin de la justice
Zone commerciale LECLERC","47300","VILLENEUVE SUR LOT"
"AU PANIER BIO SARL SAMY BIO","Route de FUMEL
ZAC PARASOL","47300","VILLENEUVE SUR LOT"
"WEBECOLOGIE","94 Av. de PICOT","33320","EYSINES"
"GRAINS DE SEL","LA SERRE","19200","MESTES"
"BIOCOOP  AU PANIER VERT","Z I des SALINES
106 Rue des TILLEULS","73600","MOUTIERS"
"RMCM DIFFUSION","Quai d'Honneur","34280","LA GRANDE MOTTE"
"SAS Aux Saveurs des Abbayes","25 Grand Rue Jean JAURES","30220","AIGUES MORTES"
"BIOCOOP PAIS ALBIGES","9Rue du PUECH PETIT","81000","ALBI"
"LE MARCHE DE LEOPOLD  BIOMEN","Lieu dit   La Cavaille Sud
Rue du Tournet","24100","BERGERAC"
"BIOBULLE","972 Route des Pujets","06700","ST LAURENT DU VAR"
"MARCEL et FILS  CARPENTRAS","1550 Chemin de Saint Gens","84200","CARPENTRAS"
"LA VIE CLAIRE   SAS  BRILOY","Zone Commerciale","26400","AOUSTE SUR SYE"
"BIO  SENS (COMPTOIRS DU BIO)","Rue de la GAILLARDE","89100","SAINT CLEMENT"
"LE VIEUX MOULIN","Quartier  MAUPAS","84110","PUYMERAS"
"L'EAU VIVE","23 Avenue de COURNON","63170","AUBIERE"
"BIOCOOP PAIS D'OC","150 ROUTE DE PEZENAS","34500","BEZIERS"
"BIOCOOP LEZIGNAN","3 RUE DE L'ALARIC","11200","LEZIGNAN- CORBIERES"
"BIOCOOP PLANETE PARADIS","42/44 Av. FOCH","06140","VENCE"
"CEREPRIM","535 Av. du Club  Hippique","13080","AIX EN PROVENCE"
"L'EAU  VIVE","CC  Chasse Sud lieu dit Les Roues
1515 Av. Frédéric MISTRAL","38670","CHASSE SUR RHONE"
"BIOCOOP LA REPUBLIQUE","19 Av. de la République","75011","PARIS"
"NATURA MUNDI","JARDIN BOTANIQUE","09000","LOUBIERES"
"LA CORBEILLE D'ORIENT","217 Rue Philippe de GIRARD","84120","PERTUIS"
"BIOLIBOURNE","22 Rue Michel  MONTAIGNE","33500","LIBOURNE"
"A LA SOURCE BIO","6 RUE DES FONTAINES","05200","EMBRUN"
"SARL BIO DURANCE","6 PLACE DE LA MAZELIERE","05200","EMBRUN"
"AIGUESBIO","1064 ROUTE DE NIMES","30220","AIGUES MORTES"
"BIOCOOP PORTE DES ALPES","AVENUE Jean MONNET","69500","BRON"
"BIOCOOP  SAINT PARDOUX","ZAC STE CROIX LUGAT","47200","SAINT PARDOUX"
"Douceur Beauté Institut JENNA","3 b rue du guiriel","56700","HENNEBONT"
"SAS PARFUMEA","7 RUE PIERRE EYDIN","13260","CASSIS"
